VCF_ID	TRUE_ID	TO_KEEP	CROSS
09_556.sorted.rg	556	KEEP	YHF5QM6
09_557.sorted.rg	557	KEEP	YHF5QM6
09_723.sorted.rg	723	KEEP	QF2YHM2
09_733.sorted.rg	733	KEEP	QF4YHM8
09_734.sorted.rg	734	KEEP	QF4YHM8
09_735.sorted.rg	735	KEEP	QF4YHM8
09_736.sorted.rg	736	KEEP	QF4YHM8
09_737.sorted.rg	737	KEEP	QF2YHM2
09_739.sorted.rg	739	KEEP	QF2YHM2
09_741.sorted.rg	741	KEEP	QF2YHM2
09_742.sorted.rg	742	KEEP	QF2YHM2
09_743.sorted.rg	743	KEEP	QF2YHM2
09_746.sorted.rg	746	KEEP	YHF5QM6
09_747.sorted.rg	747	KEEP	YHF5QM6
09_748.sorted.rg	748	KEEP	YHF5QM6
09_750.sorted.rg	750	KEEP	QF4YHM8
09_751.sorted.rg	751	KEEP	QF4YHM8
09_752.sorted.rg	752	KEEP	QF4YHM8
09_762.sorted.rg	762	KEEP	YHF6QM7
09_763.sorted.rg	763	KEEP	YHF6QM7
09_766.sorted.rg	766	KEEP	QF2YHM2
09_767.sorted.rg	767	KEEP	QF2YHM2
09_768.sorted.rg	768	KEEP	QF2YHM2
09_769.sorted.rg	769	KEEP	QF2YHM2
09_771.sorted.rg	771	KEEP	QF2YHM2
09_772.sorted.rg	772	KEEP	QF2YHM2
09_773.sorted.rg	773	KEEP	QF2YHM2
09_774.sorted.rg	774	KEEP	QF2YHM2
09_775.sorted.rg	775	KEEP	QF2YHM2
09_776.sorted.rg	776	KEEP	YHF5QM6
09_777.sorted.rg	777	KEEP	YHF5QM6
09_779.sorted.rg	779	KEEP	YHF5QM6
09_780.sorted.rg	780	KEEP	YHF5QM6
09_781.sorted.rg	781	KEEP	YHF5QM6
09_782.sorted.rg	782	KEEP	YHF5QM6
09_783.sorted.rg	783	KEEP	YHF5QM6
09_784.sorted.rg	784	KEEP	YHF5QM6
09_785.sorted.rg	785	KEEP	YHF5QM6
09_787.sorted.rg	787	KEEP	YHF5QM6
09_790.sorted.rg	790	KEEP	YHF5QM6
09_791.sorted.rg	791	KEEP	YHF5QM6
09_792.sorted.rg	792	KEEP	YHF6QM7
09_795.sorted.rg	795	KEEP	YHF6QM7
09_803.sorted.rg	803	KEEP	QF4YHM8
09_805.sorted.rg	805	KEEP	QF4YHM8
09_807.sorted.rg	807	KEEP	QF4YHM8
09_808.sorted.rg	808	KEEP	QF4YHM8
09_810.sorted.rg	810	KEEP	QF4YHM8
09_811.sorted.rg	811	KEEP	QF4YHM8
09_812.sorted.rg	812	KEEP	QF4YHM8
09_813.sorted.rg	813	KEEP	QF4YHM8
09_814.sorted.rg	814	KEEP	QF4YHM8
09_815.sorted.rg	815	KEEP	QF4YHM8
09_816.sorted.rg	816	KEEP	YHF6QM7
09_818.sorted.rg	818	KEEP	YHF6QM7
09_819.sorted.rg	819	KEEP	YHF6QM7
09_823.sorted.rg	823	KEEP	QF4YHM8
09_824.sorted.rg	824	KEEP	QF4YHM8
09_825.sorted.rg	825	KEEP	QF4YHM8
09_827.sorted.rg	827	KEEP	YHF6QM7
09_828.sorted.rg	828	KEEP	YHF6QM7
09_829.sorted.rg	829	KEEP	YHF6QM7
09_830.sorted.rg	830	KEEP	YHF6QM7
09_831.sorted.rg	831	KEEP	YHF6QM7
09_833.sorted.rg	833	KEEP	YHF6QM7
10_835.sorted.rg	835	KEEP	YHF6QM7
10_836.sorted.rg	836	KEEP	YHF5QM6
10_839.sorted.rg	839	KEEP	YHF6QM7
10_841.sorted.rg	841	KEEP	YHF5QM6
10_842.sorted.rg	842	KEEP	YHF5QM6
10_843.sorted.rg	843	KEEP	YHF5QM6
10_844.sorted.rg	844	KEEP	YHF5QM6
10_845.sorted.rg	845	KEEP	YHF5QM6
10_846.sorted.rg	846	KEEP	YHF5QM6
10_848.sorted.rg	848	KEEP	YHF5QM6
10_849.sorted.rg	849	KEEP	YHF5QM6
10_850.sorted.rg	850	KEEP	YHF5QM6
10_852.sorted.rg	852	KEEP	YHF5QM6
10_853.sorted.rg	853	KEEP	QF2YHM2
10_855.sorted.rg	855	KEEP	QF2YHM2
10_856.sorted.rg	856	KEEP	QF2YHM2
10_859.sorted.rg	859	KEEP	QF2YHM2
10_860.sorted.rg	860	KEEP	QF2YHM2
10_862.sorted.rg	862	KEEP	QF2YHM2
10_864.sorted.rg	864	KEEP	QF4YHM8
10_867.sorted.rg	867	KEEP	YHF5QM6
10_868.sorted.rg	868	KEEP	YHF5QM6
10_869.sorted.rg	869	KEEP	QF4YHM8
10_870.sorted.rg	870	KEEP	QF4YHM8
10_871.sorted.rg	871	KEEP	QF4YHM8
10_872.sorted.rg	872	KEEP	YHF5QM6
10_874.sorted.rg	874	KEEP	QF4YHM8
10_875.sorted.rg	875	KEEP	QF4YHM8
10_877.sorted.rg	877	KEEP	QF4YHM8
10_878.sorted.rg	878	KEEP	QF4YHM8
10_879.sorted.rg	879	KEEP	QF4YHM8
10_883.sorted.rg	883	KEEP	QF4YHM8
10_885.sorted.rg	885	KEEP	QF2YHM2
10_887.sorted.rg	887	KEEP	QF2YHM2
10_891.sorted.rg	891	KEEP	YHF5QM6
10_893.sorted.rg	893	KEEP	YHF5QM6
10_895.sorted.rg	895	KEEP	QF4YHM8
10_896.sorted.rg	896	KEEP	QF4YHM8
10_898.sorted.rg	898	KEEP	YHF5QM6
10_902.sorted.rg	902	KEEP	YHF5QM6
10_904.sorted.rg	904	KEEP	YHF5QM6
10_907.sorted.rg	907	KEEP	QF4YHM8
10_908.sorted.rg	908	KEEP	QF4YHM8
10_911.sorted.rg	911	KEEP	QF4YHM8
10_915.sorted.rg	915	KEEP	QF4YHM8
10_916.sorted.rg	916	KEEP	YHF6QM7
10_920.sorted.rg	920	KEEP	YHF6QM7
10_922.sorted.rg	922	KEEP	YHF6QM7
10_925.sorted.rg	925	KEEP	YHF6QM7
10_926.sorted.rg	926	KEEP	YHF6QM7
10_929.sorted.rg	929	KEEP	YHF6QM7
10_930.sorted.rg	930	KEEP	YHF6QM7
10_931.sorted.rg	931	KEEP	YHF6QM7
10_933.sorted.rg	933	KEEP	YHF6QM7
10_935.sorted.rg	935	KEEP	QF4YHM8
10_938.sorted.rg	938	KEEP	QF4YHM8
10_941.sorted.rg	941	KEEP	QF4YHM8
10_945.sorted.rg	945	KEEP	QF2YHM2
10_947.sorted.rg	947	KEEP	QF2YHM2
10_949.sorted.rg	949	KEEP	QF2YHM2
10_952.sorted.rg	952	KEEP	QF2YHM2
10_954.sorted.rg	954	KEEP	QF2YHM2
11_407_R.sorted.rg	407	KEEP	YHF6QM7
11_408_R.sorted.rg	408	KEEP	YHF6QM7
11_620_R.sorted.rg	620	KEEP	QF4YHM8
11_623_R.sorted.rg	623	KEEP	YHF5QM6
11_626_R.sorted.rg	626	KEEP	YHF5QM6
11_629_R.sorted.rg	629	KEEP	YHF5QM6
11_693_R.sorted.rg	693	KEEP	QF2YHM2
11_955.sorted.rg	955	KEEP	QF2YHM2
11_959.sorted.rg	959	KEEP	YHF6QM7
11_961.sorted.rg	961	KEEP	YHF6QM7
11_964.sorted.rg	964	KEEP	YHF6QM7
11_965.sorted.rg	965	KEEP	YHF6QM7
11_967.sorted.rg	967	KEEP	YHF6QM7
11_969.sorted.rg	969	KEEP	YHF6QM7
11_970.sorted.rg	970	KEEP	YHF6QM7
11_972.sorted.rg	972	KEEP	YHF6QM7
11_973.sorted.rg	973	KEEP	YHF6QM7
11_974.sorted.rg	974	KEEP	YHF6QM7
11_975.sorted.rg	975	KEEP	YHF6QM7
11_976.sorted.rg	976	KEEP	YHF6QM7
11_977.sorted.rg	977	KEEP	YHF6QM7
11_978.sorted.rg	978	KEEP	YHF6QM7
11_979.sorted.rg	979	KEEP	YHF6QM7
11_980.sorted.rg	980	KEEP	YHF6QM7
11_981.sorted.rg	981	KEEP	YHF6QM7
11_982.sorted.rg	982	KEEP	YHF6QM7
11_983.sorted.rg	983	KEEP	YHF6QM7
11_QF4_D.sorted.rg	QF4	LOSE	NA
11_QF4_D_sorted.raw	QF4	LOSE	NA
1_020.sorted.rg	20	KEEP	QF2YHM2
1_021.sorted.rg	21	KEEP	QF2YHM2
1_022.sorted.rg	22	KEEP	QF2YHM2
1_024.sorted.rg	24	KEEP	QF4YHM8
1_025.sorted.rg	25	KEEP	QF4YHM8
1_026.sorted.rg	26	KEEP	QF4YHM8
1_028.sorted.rg	28	KEEP	QF4YHM8
1_029.sorted.rg	29	KEEP	YHF5QM6
1_032.sorted.rg	32	KEEP	YHF5QM6
1_033.sorted.rg	33	KEEP	YHF6QM7
1_034.sorted.rg	34	KEEP	YHF6QM7
1_035.sorted.rg	35	KEEP	YHF6QM7
1_036.sorted.rg	36	KEEP	YHF6QM7
1_037.sorted.rg	37	KEEP	YHF6QM7
1_038.sorted.rg	38	KEEP	YHF6QM7
1_039.sorted.rg	39	KEEP	YHF6QM7
1_042.sorted.rg	42	KEEP	YHF6QM7
1_045.sorted.rg	45	KEEP	YHF5QM6
1_047.sorted.rg	47	KEEP	YHF5QM6
1_048.sorted.rg	48	KEEP	YHF5QM6
1_049.sorted.rg	49	KEEP	YHF5QM6
1_050.sorted.rg	50	KEEP	YHF5QM6
1_051.sorted.rg	51	KEEP	YHF5QM6
1_052.sorted.rg	52	KEEP	YHF5QM6
1_055.sorted.rg	55	KEEP	YHF6QM7
1_056.sorted.rg	56	KEEP	YHF6QM7
1_057.sorted.rg	57	KEEP	YHF6QM7
1_058.sorted.rg	58	KEEP	YHF6QM7
1_059.sorted.rg	59	KEEP	YHF6QM7
1_062.sorted.rg	62	KEEP	YHF6QM7
1_063.sorted.rg	63	KEEP	YHF6QM7
1_064.sorted.rg	64	KEEP	YHF6QM7
1_065.sorted.rg	65	KEEP	YHF6QM7
1_066.sorted.rg	66	KEEP	YHF6QM7
1_067.sorted.rg	67	KEEP	YHF6QM7
1_068.sorted.rg	68	KEEP	YHF6QM7
1_069.sorted.rg	69	KEEP	QF2YHM2
1_070.sorted.rg	70	KEEP	QF2YHM2
1_071.sorted.rg	71	KEEP	QF2YHM2
1_073.sorted.rg	73	KEEP	QF2YHM2
1_074.sorted.rg	74	KEEP	QF2YHM2
1_075.sorted.rg	75	KEEP	QF2YHM2
1_076.sorted.rg	76	KEEP	QF2YHM2
1_078.sorted.rg	78	KEEP	QF2YHM2
1_079.sorted.rg	79	KEEP	QF2YHM2
1_080.sorted.rg	80	KEEP	QF2YHM2
1_081.sorted.rg	81	KEEP	QF2YHM2
1_082.sorted.rg	82	KEEP	YHF5QM6
1_085.sorted.rg	85	KEEP	YHF5QM6
1_086.sorted.rg	86	KEEP	YHF5QM6
1_087.sorted.rg	87	KEEP	YHF6QM7
1_088.sorted.rg	88	KEEP	YHF6QM7
1_091.sorted.rg	91	KEEP	YHF6QM7
1_092.sorted.rg	92	KEEP	YHF6QM7
1_093.sorted.rg	93	KEEP	YHF6QM7
1_094.sorted.rg	94	KEEP	YHF6QM7
1_095.sorted.rg	95	KEEP	YHF6QM7
1_096.sorted.rg	96	KEEP	YHF6QM7
1_097.sorted.rg	97	KEEP	QF4YHM8
1_098.sorted.rg	98	KEEP	QF4YHM8
1_099.sorted.rg	99	KEEP	QF4YHM8
1_100.sorted.rg	100	KEEP	QF4YHM8
1_101.sorted.rg	101	KEEP	YHF6QM7
1_102.sorted.rg	102	KEEP	YHF6QM7
1_104.sorted.rg	104	KEEP	QF4YHM8
1_106.sorted.rg	106	KEEP	QF4YHM8
2_127.sorted.rg	127	KEEP	QF2YHM2
2_128.sorted.rg	128	KEEP	YHF6QM7
2_131.sorted.rg	131	KEEP	YHF6QM7
2_132.sorted.rg	132	KEEP	YHF5QM6
2_133.sorted.rg	133	KEEP	YHF5QM6
2_134.sorted.rg	134	KEEP	YHF5QM6
2_135.sorted.rg	135	KEEP	YHF5QM6
2_136.sorted.rg	136	KEEP	YHF5QM6
2_137.sorted.rg	137	KEEP	YHF5QM6
2_138.sorted.rg	138	KEEP	YHF5QM6
2_139.sorted.rg	139	KEEP	YHF5QM6
2_140.sorted.rg	140	KEEP	YHF5QM6
2_141.sorted.rg	141	KEEP	YHF5QM6
2_142.sorted.rg	142	KEEP	YHF5QM6
2_143.sorted.rg	143	KEEP	YHF5QM6
2_144.sorted.rg	144	KEEP	YHF5QM6
2_145.sorted.rg	145	KEEP	YHF6QM7
2_146.sorted.rg	146	KEEP	YHF6QM7
2_149.sorted.rg	149	KEEP	QF4YHM8
2_157.sorted.rg	157	KEEP	YHF5QM6
2_158.sorted.rg	158	KEEP	YHF5QM6
2_159.sorted.rg	159	KEEP	YHF5QM6
2_160.sorted.rg	160	KEEP	YHF6QM7
2_161.sorted.rg	161	KEEP	YHF6QM7
2_162.sorted.rg	162	KEEP	QF2YHM2
2_163.sorted.rg	163	KEEP	QF2YHM2
2_164.sorted.rg	164	KEEP	QF2YHM2
2_165.sorted.rg	165	KEEP	QF2YHM2
2_166.sorted.rg	166	KEEP	QF2YHM2
2_167.sorted.rg	167	KEEP	QF2YHM2
2_168.sorted.rg	168	KEEP	QF4YHM8
2_171.sorted.rg	171	KEEP	QF4YHM8
2_173.sorted.rg	173	KEEP	QF4YHM8
2_174.sorted.rg	174	KEEP	QF4YHM8
2_175.sorted.rg	175	KEEP	QF4YHM8
2_176.sorted.rg	176	KEEP	YHF6QM7
2_177.sorted.rg	177	KEEP	YHF6QM7
2_178.sorted.rg	178	KEEP	YHF6QM7
2_179.sorted.rg	179	KEEP	YHF6QM7
2_180.sorted.rg	180	KEEP	YHF6QM7
2_181.sorted.rg	181	KEEP	YHF6QM7
2_182.sorted.rg	182	KEEP	YHF6QM7
2_184.sorted.rg	184	KEEP	YHF5QM6
2_186.sorted.rg	186	KEEP	YHF6QM7
2_187.sorted.rg	187	KEEP	YHF6QM7
2_190.sorted.rg	190	KEEP	YHF5QM6
2_191.sorted.rg	191	KEEP	YHF5QM6
2_192.sorted.rg	192	KEEP	YHF5QM6
2_194.sorted.rg	194	KEEP	YHF5QM6
2_195.sorted.rg	195	KEEP	YHF6QM7
2_196.sorted.rg	196	KEEP	YHF6QM7
2_197.sorted.rg	197	KEEP	YHF6QM7
2_198.sorted.rg	198	KEEP	YHF6QM7
2_199.sorted.rg	199	KEEP	YHF6QM7
2_202.sorted.rg	202	KEEP	YHF6QM7
2_203.sorted.rg	203	KEEP	YHF6QM7
2_204.sorted.rg	204	KEEP	YHF6QM7
2_207.sorted.rg	207	KEEP	YHF6QM7
2_209.sorted.rg	209	KEEP	QF2YHM2
2_210.sorted.rg	210	KEEP	QF2YHM2
2_211.sorted.rg	211	KEEP	QF2YHM2
2_212.sorted.rg	212	KEEP	QF2YHM2
2_217.sorted.rg	217	KEEP	YHF5QM6
2_219.sorted.rg	219	KEEP	YHF5QM6
2_220.sorted.rg	220	KEEP	YHF5QM6
2_221.sorted.rg	221	KEEP	YHF5QM6
2_222.sorted.rg	222	KEEP	YHF5QM6
3_241.sorted.rg	241	KEEP	YHF6QM7
3_242.sorted.rg	242	KEEP	YHF6QM7
3_243.sorted.rg	243	KEEP	YHF6QM7
3_244.sorted.rg	244	KEEP	YHF6QM7
3_246.sorted.rg	246	KEEP	YHF6QM7
3_247.sorted.rg	247	KEEP	YHF6QM7
3_250.sorted.rg	250	KEEP	YHF5QM6
3_251.sorted.rg	251	KEEP	YHF5QM6
3_252.sorted.rg	252	KEEP	YHF5QM6
3_253.sorted.rg	253	KEEP	YHF5QM6
3_254.sorted.rg	254	KEEP	YHF5QM6
3_255.sorted.rg	255	KEEP	YHF5QM6
3_256.sorted.rg	256	KEEP	YHF5QM6
3_257.sorted.rg	257	KEEP	YHF5QM6
3_258.sorted.rg	258	KEEP	YHF5QM6
3_259.sorted.rg	259	KEEP	YHF5QM6
3_260.sorted.rg	260	KEEP	YHF6QM7
3_261.sorted.rg	261	KEEP	YHF6QM7
3_262.sorted.rg	262	KEEP	YHF6QM7
3_263.sorted.rg	263	KEEP	YHF6QM7
3_264.sorted.rg	264	KEEP	YHF6QM7
3_265.sorted.rg	265	KEEP	QF4YHM8
3_268.sorted.rg	268	KEEP	QF4YHM8
3_269.sorted.rg	269	KEEP	QF4YHM8
3_272.sorted.rg	272	KEEP	QF4YHM8
3_275.sorted.rg	275	KEEP	YHF6QM7
3_276.sorted.rg	276	KEEP	YHF6QM7
3_277.sorted.rg	277	KEEP	YHF6QM7
3_283.sorted.rg	283	KEEP	YHF6QM7
3_284.sorted.rg	284	KEEP	YHF6QM7
3_286.sorted.rg	286	KEEP	YHF6QM7
3_287.sorted.rg	287	KEEP	YHF6QM7
3_290.sorted.rg	290	KEEP	YHF6QM7
3_291.sorted.rg	291	KEEP	YHF6QM7
3_292.sorted.rg	292	KEEP	YHF6QM7
3_293.sorted.rg	293	KEEP	YHF5QM6
3_294.sorted.rg	294	KEEP	YHF5QM6
3_296.sorted.rg	296	KEEP	YHF6QM7
3_297.sorted.rg	297	KEEP	YHF6QM7
3_298.sorted.rg	298	KEEP	YHF6QM7
3_299.sorted.rg	299	KEEP	YHF6QM7
3_300.sorted.rg	300	KEEP	YHF6QM7
3_302.sorted.rg	302	KEEP	YHF6QM7
3_304.sorted.rg	304	KEEP	YHF5QM6
3_305.sorted.rg	305	KEEP	YHF5QM6
3_306.sorted.rg	306	KEEP	YHF5QM6
3_307.sorted.rg	307	KEEP	YHF5QM6
3_308.sorted.rg	308	KEEP	YHF5QM6
3_310.sorted.rg	310	KEEP	QF4YHM8
3_314.sorted.rg	314	KEEP	QF4YHM8
3_316.sorted.rg	316	KEEP	YHF5QM6
3_319.sorted.rg	319	KEEP	YHF5QM6
3_320.sorted.rg	320	KEEP	YHF5QM6
3_321.sorted.rg	321	KEEP	YHF6QM7
3_322.sorted.rg	322	KEEP	YHF6QM7
3_323.sorted.rg	323	KEEP	YHF6QM7
3_326.sorted.rg	326	KEEP	QF4YHM8
3_327.sorted.rg	327	KEEP	YHF5QM6
4_345.sorted.rg	345	KEEP	YHF5QM6
4_346.sorted.rg	346	KEEP	YHF5QM6
4_347.sorted.rg	347	KEEP	YHF5QM6
4_348.sorted.rg	348	KEEP	YHF6QM7
4_351.sorted.rg	351	KEEP	YHF6QM7
4_352.sorted.rg	352	KEEP	YHF6QM7
4_353.sorted.rg	353	KEEP	YHF6QM7
4_354.sorted.rg	354	KEEP	YHF6QM7
4_355.sorted.rg	355	KEEP	YHF6QM7
4_357.sorted.rg	357	KEEP	YHF6QM7
4_358.sorted.rg	358	KEEP	YHF6QM7
4_359.sorted.rg	359	KEEP	YHF6QM7
4_361.sorted.rg	361	KEEP	YHF6QM7
4_362.sorted.rg	362	KEEP	YHF6QM7
4_364.sorted.rg	364	KEEP	YHF5QM6
4_365.sorted.rg	365	KEEP	YHF5QM6
4_366.sorted.rg	366	KEEP	YHF5QM6
4_367.sorted.rg	367	KEEP	YHF5QM6
4_368.sorted.rg	368	KEEP	YHF5QM6
4_369.sorted.rg	369	KEEP	YHF6QM7
4_370.sorted.rg	370	KEEP	YHF6QM7
4_371.sorted.rg	371	KEEP	YHF6QM7
4_372.sorted.rg	372	KEEP	YHF6QM7
4_375.sorted.rg	375	KEEP	YHF6QM7
4_376.sorted.rg	376	KEEP	YHF6QM7
4_378.sorted.rg	378	KEEP	YHF6QM7
4_379.sorted.rg	379	KEEP	YHF6QM7
4_381.sorted.rg	381	KEEP	YHF6QM7
4_382.sorted.rg	382	KEEP	YHF6QM7
4_383.sorted.rg	383	KEEP	YHF6QM7
4_384.sorted.rg	384	KEEP	YHF6QM7
4_387.sorted.rg	387	KEEP	YHF6QM7
4_389.sorted.rg	389	KEEP	YHF6QM7
4_391.sorted.rg	391	KEEP	YHF6QM7
4_392.sorted.rg	392	KEEP	YHF6QM7
4_393.sorted.rg	393	KEEP	YHF6QM7
4_395.sorted.rg	395	KEEP	YHF6QM7
4_397.sorted.rg	397	KEEP	YHF5QM6
4_398.sorted.rg	398	KEEP	YHF5QM6
4_399.sorted.rg	399	KEEP	YHF5QM6
4_400.sorted.rg	400	KEEP	YHF5QM6
4_402.sorted.rg	402	KEEP	YHF5QM6
4_403.sorted.rg	403	KEEP	YHF5QM6
4_404.sorted.rg	404	KEEP	YHF5QM6
4_415.sorted.rg	415	KEEP	QF4YHM8
4_416.sorted.rg	416	KEEP	QF4YHM8
4_419.sorted.rg	419	KEEP	YHF5QM6
4_420.sorted.rg	420	KEEP	YHF5QM6
4_422.sorted.rg	422	KEEP	YHF5QM6
4_423.sorted.rg	423	KEEP	YHF5QM6
4_424.sorted.rg	424	KEEP	YHF5QM6
4_425.sorted.rg	425	KEEP	YHF5QM6
4_426.sorted.rg	426	KEEP	YHF5QM6
4_427.sorted.rg	427	KEEP	YHF5QM6
5_105.sorted.rg	105	KEEP	QF4YHM8
5_107.sorted.rg	107	KEEP	QF4YHM8
5_223.sorted.rg	223	KEEP	YHF5QM6
5_303.sorted.rg	303	KEEP	QF4YHM8
5_328.sorted.rg	328	KEEP	YHF5QM6
5_428.sorted.rg	428	KEEP	YHF5QM6
5_429.sorted.rg	429	KEEP	YHF5QM6
5_430.sorted.rg	430	KEEP	YHF5QM6
5_431.sorted.rg	431	KEEP	YHF5QM6
5_434.sorted.rg	434	KEEP	YHF6QM7
5_435.sorted.rg	435	KEEP	YHF6QM7
5_437.sorted.rg	437	KEEP	YHF6QM7
5_438.sorted.rg	438	KEEP	YHF6QM7
5_439.sorted.rg	439	KEEP	YHF6QM7
5_440.sorted.rg	440	KEEP	YHF6QM7
5_441.sorted.rg	441	KEEP	YHF6QM7
5_442.sorted.rg	442	KEEP	YHF6QM7
5_444.sorted.rg	444	KEEP	YHF6QM7
5_445.sorted.rg	445	KEEP	YHF6QM7
5_446.sorted.rg	446	KEEP	YHF6QM7
5_447.sorted.rg	447	KEEP	QF4YHM8
5_448.sorted.rg	448	KEEP	QF4YHM8
5_449.sorted.rg	449	KEEP	QF4YHM8
5_453.sorted.rg	453	KEEP	YHF5QM6
5_457.sorted.rg	457	KEEP	YHF5QM6
5_459.sorted.rg	459	KEEP	YHF6QM7
5_460.sorted.rg	460	KEEP	YHF6QM7
5_461.sorted.rg	461	KEEP	YHF6QM7
5_462.sorted.rg	462	KEEP	YHF6QM7
5_463.sorted.rg	463	KEEP	YHF5QM6
5_706.sorted.rg	706	KEEP	QF2YHM2
5_708.sorted.rg	708	KEEP	YHF5QM6
5_709.sorted.rg	709	KEEP	YHF5QM6
5_710.sorted.rg	710	KEEP	YHF5QM6
5_711.sorted.rg	711	KEEP	YHF5QM6
5_712.sorted.rg	712	KEEP	YHF5QM6
5_713.sorted.rg	713	KEEP	YHF5QM6
5_714.sorted.rg	714	KEEP	YHF5QM6
5_715.sorted.rg	715	KEEP	YHF5QM6
5_716.sorted.rg	716	KEEP	QF4YHM8
5_717.sorted.rg	717	KEEP	QF4YHM8
5_718.sorted.rg	718	KEEP	QF4YHM8
5_719.sorted.rg	719	KEEP	QF4YHM8
5_721.sorted.rg	721	KEEP	QF4YHM8
5_722.sorted.rg	722	KEEP	QF2YHM2
5_725.sorted.rg	725	KEEP	QF2YHM2
5_727.sorted.rg	727	KEEP	QF2YHM2
5_729.sorted.rg	729	KEEP	QF2YHM2
5_730.sorted.rg	730	KEEP	QF2YHM2
5_731.sorted.rg	731	KEEP	QF2YHM2
5_QF4a.sorted.rg	QF4a	LOSE	NA
5_QF4a_sorted.raw	QF4a	LOSE	NA
5_QF4b.sorted.rg	QF4b	LOSE	NA
5_QF4b_sorted.raw	QF4b	LOSE	NA
6_502.sorted.rg	502	KEEP	YHF6QM7
6_503.sorted.rg	503	KEEP	YHF6QM7
6_504.sorted.rg	504	KEEP	YHF6QM7
6_505.sorted.rg	505	KEEP	YHF6QM7
6_506.sorted.rg	506	KEEP	QF2YHM2
6_507.sorted.rg	507	KEEP	QF2YHM2
6_508.sorted.rg	508	KEEP	QF2YHM2
6_509.sorted.rg	509	KEEP	QF2YHM2
6_510.sorted.rg	510	KEEP	QF2YHM2
6_511.sorted.rg	511	KEEP	YHF6QM7
6_512.sorted.rg	512	KEEP	YHF6QM7
6_513.sorted.rg	513	KEEP	YHF6QM7
6_514.sorted.rg	514	KEEP	YHF6QM7
6_515.sorted.rg	515	KEEP	YHF6QM7
6_516.sorted.rg	516	KEEP	QF4YHM8
6_517.sorted.rg	517	KEEP	QF4YHM8
6_518.sorted.rg	518	KEEP	QF4YHM8
6_519.sorted.rg	519	KEEP	QF4YHM8
6_520.sorted.rg	520	KEEP	QF4YHM8
6_521.sorted.rg	521	KEEP	QF4YHM8
6_522.sorted.rg	522	KEEP	QF4YHM8
6_523.sorted.rg	523	KEEP	QF4YHM8
6_524.sorted.rg	524	KEEP	QF4YHM8
6_525.sorted.rg	525	KEEP	QF4YHM8
6_526.sorted.rg	526	KEEP	QF4YHM8
6_527.sorted.rg	527	KEEP	QF4YHM8
6_528.sorted.rg	528	KEEP	QF4YHM8
6_529.sorted.rg	529	KEEP	QF4YHM8
6_531.sorted.rg	531	KEEP	QF2YHM2
6_532.sorted.rg	532	KEEP	QF2YHM2
6_533.sorted.rg	533	KEEP	QF2YHM2
6_534.sorted.rg	534	KEEP	QF2YHM2
6_535.sorted.rg	535	KEEP	QF2YHM2
6_536.sorted.rg	536	KEEP	QF2YHM2
6_539.sorted.rg	539	KEEP	YHF6QM7
6_541.sorted.rg	541	KEEP	YHF6QM7
6_543.sorted.rg	543	KEEP	QF4YHM8
6_544.sorted.rg	544	KEEP	QF4YHM8
6_545.sorted.rg	545	KEEP	QF4YHM8
6_546.sorted.rg	546	KEEP	QF4YHM8
6_547.sorted.rg	547	KEEP	QF4YHM8
6_548.sorted.rg	548	KEEP	YHF5QM6
6_549.sorted.rg	549	KEEP	YHF5QM6
6_550.sorted.rg	550	KEEP	YHF5QM6
6_551.sorted.rg	551	KEEP	YHF5QM6
6_552.sorted.rg	552	KEEP	YHF5QM6
6_554.sorted.rg	554	KEEP	YHF5QM6
6_555.sorted.rg	555	KEEP	YHF5QM6
6_561.sorted.rg	561	KEEP	QF4YHM8
6_562.sorted.rg	562	KEEP	QF4YHM8
6_564.sorted.rg	564	KEEP	QF2YHM2
6_565.sorted.rg	565	KEEP	QF2YHM2
6_568.sorted.rg	568	KEEP	YHF5QM6
6_570.sorted.rg	570	KEEP	YHF5QM6
6_571.sorted.rg	571	KEEP	YHF5QM6
6_573.sorted.rg	573	KEEP	QF4YHM8
6_574.sorted.rg	574	KEEP	QF4YHM8
6_575.sorted.rg	575	KEEP	QF4YHM8
6_576.sorted.rg	576	KEEP	QF4YHM8
6_577.sorted.rg	577	KEEP	QF4YHM8
6_578.sorted.rg	578	KEEP	YHF6QM7
6_579.sorted.rg	579	KEEP	YHF6QM7
6_580.sorted.rg	580	KEEP	YHF6QM7
6_581.sorted.rg	581	KEEP	YHF6QM7
6_582.sorted.rg	582	KEEP	YHF6QM7
6_583.sorted.rg	583	KEEP	YHF5QM6
6_584.sorted.rg	584	KEEP	YHF5QM6
6_585.sorted.rg	585	KEEP	YHF5QM6
6_586.sorted.rg	586	KEEP	YHF5QM6
6_588.sorted.rg	588	KEEP	YHF5QM6
6_590.sorted.rg	590	KEEP	YHF5QM6
6_591.sorted.rg	591	KEEP	YHF5QM6
6_593.sorted.rg	593	KEEP	YHF6QM7
6_594.sorted.rg	594	KEEP	YHF6QM7
6_595.sorted.rg	595	KEEP	YHF6QM7
6_596.sorted.rg	596	KEEP	YHF6QM7
6_598.sorted.rg	598	KEEP	YHF6QM7
7_599.sorted.rg	599	KEEP	YHF6QM7
7_600.sorted.rg	600	KEEP	YHF6QM7
7_601.sorted.rg	601	KEEP	YHF6QM7
7_602.sorted.rg	602	KEEP	YHF5QM6
7_603.sorted.rg	603	KEEP	YHF5QM6
7_605.sorted.rg	605	KEEP	YHF5QM6
7_607.sorted.rg	607	KEEP	QF4YHM8
7_610.sorted.rg	610	KEEP	QF4YHM8
7_611.sorted.rg	611	KEEP	QF4YHM8
7_616.sorted.rg	616	KEEP	YHF6QM7
7_617.sorted.rg	617	KEEP	QF4YHM8
7_619.sorted.rg	619	KEEP	QF4YHM8
7_622.sorted.rg	622	KEEP	YHF5QM6
7_628.sorted.rg	628	KEEP	YHF5QM6
7_632.sorted.rg	632	KEEP	YHF5QM6
7_633.sorted.rg	633	KEEP	QF4YHM8
7_634.sorted.rg	634	KEEP	QF4YHM8
7_635.sorted.rg	635	KEEP	QF4YHM8
7_636.sorted.rg	636	KEEP	QF4YHM8
7_637.sorted.rg	637	KEEP	QF4YHM8
7_638.sorted.rg	638	KEEP	QF4YHM8
7_639.sorted.rg	639	KEEP	QF4YHM8
7_640.sorted.rg	640	KEEP	QF4YHM8
7_642.sorted.rg	642	KEEP	QF2YHM2
7_644.sorted.rg	644	KEEP	QF2YHM2
7_646.sorted.rg	646	KEEP	QF2YHM2
7_648.sorted.rg	648	KEEP	QF4YHM8
7_649.sorted.rg	649	KEEP	QF4YHM8
7_650.sorted.rg	650	KEEP	QF4YHM8
7_651.sorted.rg	651	KEEP	QF2YHM2
7_653.sorted.rg	653	KEEP	QF2YHM2
7_657.sorted.rg	657	KEEP	QF2YHM2
7_658.sorted.rg	658	KEEP	QF2YHM2
7_659.sorted.rg	659	KEEP	YHF6QM7
7_661.sorted.rg	661	KEEP	YHF6QM7
7_662.sorted.rg	662	KEEP	YHF6QM7
7_663.sorted.rg	663	KEEP	YHF6QM7
7_664.sorted.rg	664	KEEP	YHF6QM7
7_665.sorted.rg	665	KEEP	YHF6QM7
7_667.sorted.rg	667	KEEP	YHF6QM7
7_668.sorted.rg	668	KEEP	YHF6QM7
7_669.sorted.rg	669	KEEP	YHF6QM7
7_670.sorted.rg	670	KEEP	YHF6QM7
7_671.sorted.rg	671	KEEP	QF2YHM2
7_672.sorted.rg	672	KEEP	QF2YHM2
7_673.sorted.rg	673	KEEP	QF2YHM2
7_674.sorted.rg	674	KEEP	QF2YHM2
7_675.sorted.rg	675	KEEP	QF2YHM2
7_676.sorted.rg	676	KEEP	QF2YHM2
7_677.sorted.rg	677	KEEP	QF2YHM2
7_678.sorted.rg	678	KEEP	YHF6QM7
7_685.sorted.rg	686	KEEP	YHF5QM6
7_687.sorted.rg	687	KEEP	YHF5QM6
7_689.sorted.rg	689	KEEP	YHF5QM6
7_690.sorted.rg	690	KEEP	QF2YHM2
7_691.sorted.rg	691	KEEP	QF2YHM2
7_692.sorted.rg	692	KEEP	QF2YHM2
7_694.sorted.rg	694	KEEP	QF4YHM8
7_695.sorted.rg	695	KEEP	QF4YHM8
7_696.sorted.rg	696	KEEP	QF4YHM8
7_697.sorted.rg	697	KEEP	YHF5QM6
7_698.sorted.rg	698	KEEP	YHF5QM6
7_699.sorted.rg	699	KEEP	YHF5QM6
7_700.sorted.rg	700	KEEP	YHF5QM6
7_701.sorted.rg	701	KEEP	YHF5QM6
7_702.sorted.rg	702	KEEP	YHF5QM6
7_703.sorted.rg	703	KEEP	QF2YHM2
8_002.sorted.rg	2	KEEP	QF2YHM2
8_005.sorted.rg	5	KEEP	QF2YHM2
8_006.sorted.rg	6	KEEP	YHF5QM6
8_007.sorted.rg	7	KEEP	YHF5QM6
8_008.sorted.rg	8	KEEP	YHF5QM6
8_010.sorted.rg	10	KEEP	YHF5QM6
8_013.sorted.rg	13	KEEP	QF2YHM2
8_014.sorted.rg	14	KEEP	QF2YHM2
8_015.sorted.rg	15	KEEP	QF2YHM2
8_016.sorted.rg	16	KEEP	QF2YHM2
8_018.sorted.rg	18	KEEP	QF2YHM2
8_108.sorted.rg	108	KEEP	QF4YHM8
8_110.sorted.rg	110	KEEP	QF4YHM8
8_111.sorted.rg	111	KEEP	YHF6QM7
8_112.sorted.rg	112	KEEP	YHF6QM7
8_113.sorted.rg	113	KEEP	QF2YHM2
8_114.sorted.rg	114	KEEP	QF2YHM2
8_115.sorted.rg	115	KEEP	QF2YHM2
8_117.sorted.rg	117	KEEP	QF2YHM2
8_118.sorted.rg	118	KEEP	QF2YHM2
8_119.sorted.rg	119	KEEP	QF2YHM2
8_121.sorted.rg	121	KEEP	QF2YHM2
8_123.sorted.rg	123	KEEP	QF2YHM2
8_125.sorted.rg	125	KEEP	QF2YHM2
8_224.sorted.rg	224	KEEP	YHF5QM6
8_225.sorted.rg	225	KEEP	YHF5QM6
8_227.sorted.rg	227	KEEP	YHF5QM6
8_229.sorted.rg	229	KEEP	YHF5QM6
8_230.sorted.rg	230	KEEP	YHF5QM6
8_231.sorted.rg	231	KEEP	YHF5QM6
8_232.sorted.rg	232	KEEP	YHF5QM6
8_233.sorted.rg	233	KEEP	QF4YHM8
8_234.sorted.rg	234	KEEP	QF4YHM8
8_235.sorted.rg	235	KEEP	QF4YHM8
8_236.sorted.rg	236	KEEP	YHF5QM6
8_237.sorted.rg	237	KEEP	YHF5QM6
8_238.sorted.rg	238	KEEP	YHF5QM6
8_239.sorted.rg	239	KEEP	YHF5QM6
8_330.sorted.rg	330	KEEP	YHF5QM6
8_331.sorted.rg	331	KEEP	YHF5QM6
8_332.sorted.rg	332	KEEP	YHF5QM6
8_333.sorted.rg	333	KEEP	YHF5QM6
8_334.sorted.rg	334	KEEP	YHF5QM6
8_335.sorted.rg	335	KEEP	YHF5QM6
8_336.sorted.rg	336	KEEP	YHF5QM6
8_337.sorted.rg	337	KEEP	YHF5QM6
8_339.sorted.rg	339	KEEP	YHF5QM6
8_340.sorted.rg	340	KEEP	YHF5QM6
8_341.sorted.rg	341	KEEP	YHF5QM6
8_342.sorted.rg	342	KEEP	YHF5QM6
8_343.sorted.rg	343	KEEP	YHF5QM6
8_344.sorted.rg	344	KEEP	YHF5QM6
8_QF4c.sorted.rg	QF4c	LOSE	NA
8_QF4c_sorted.raw	QF4c	LOSE	NA
QF2_merged.sorted.rg	QF2	GP	QF2YHM2
QF4_merged.sorted.rg	QF4	GP	QF4YHM8
QM6_merged.sorted.rg	QM6	GP	YHF5QM6
QM7_merged.sorted.rg	QM7	GP	YHF6QM7
YHF5_merged.sorted.rg	YHF5	GP	YHF5QM6
YHF6_merged.sorted.rg	YHF6	GP	YHF6QM7
YHM2_rerun.merged.sorted.rg	YHM2	GP	QF2YHM2
YHM8_merged.sorted.rg	YHM8	GP	QF4YHM8
merged_001.sorted.rg	1	KEEP	QF2YHM2
merged_003.sorted.rg	3	KEEP	QF2YHM2
merged_009.sorted.rg	9	KEEP	YHF5QM6
merged_011.sorted.rg	11	KEEP	QF4YHM8
merged_012.sorted.rg	12	KEEP	QF4YHM8
merged_027.sorted.rg	27	KEEP	QF4YHM8
merged_040.sorted.rg	40	KEEP	YHF6QM7
merged_046.sorted.rg	46	KEEP	YHF5QM6
merged_054.sorted.rg	54	KEEP	YHF5QM6
merged_060.sorted.rg	60	KEEP	YHF6QM7
merged_089.sorted.rg	89	KEEP	YHF6QM7
merged_090.sorted.rg	90	KEEP	YHF6QM7
merged_103.sorted.rg	103	KEEP	YHF6QM7
merged_109.sorted.rg	109	KEEP	QF4YHM8
merged_147.sorted.rg	147	KEEP	YHF6QM7
merged_148.sorted.rg	148	KEEP	YHF6QM7
merged_150.sorted.rg	150	KEEP	QF4YHM8
merged_156.sorted.rg	156	KEEP	QF4YHM8
merged_172.sorted.rg	172	KEEP	QF4YHM8
merged_183.sorted.rg	183	KEEP	YHF6QM7
merged_200.sorted.rg	200	KEEP	YHF6QM7
merged_201.sorted.rg	201	KEEP	YHF6QM7
merged_214.sorted.rg	214	KEEP	QF4YHM8
merged_216.sorted.rg	216	KEEP	YHF5QM6
merged_218.sorted.rg	218	KEEP	YHF5QM6
merged_240.sorted.rg	240	KEEP	YHF5QM6
merged_266.sorted.rg	266	KEEP	QF4YHM8
merged_267.sorted.rg	267	KEEP	QF4YHM8
merged_271.sorted.rg	271	KEEP	QF4YHM8
merged_278.sorted.rg	278	KEEP	YHF6QM7
merged_279.sorted.rg	279	KEEP	YHF5QM6
merged_281.sorted.rg	281	KEEP	YHF5QM6
merged_288.sorted.rg	288	KEEP	YHF6QM7
merged_289.sorted.rg	289	KEEP	YHF6QM7
merged_301.sorted.rg	301	KEEP	YHF6QM7
merged_309.sorted.rg	309	KEEP	QF4YHM8
merged_312.sorted.rg	312	KEEP	QF4YHM8
merged_313.sorted.rg	313	KEEP	QF4YHM8
merged_324.sorted.rg	324	KEEP	QF4YHM8
merged_325.sorted.rg	325	KEEP	QF4YHM8
merged_329.sorted.rg	329	KEEP	YHF5QM6
merged_349.sorted.rg	349	KEEP	YHF6QM7
merged_350.sorted.rg	350	KEEP	YHF6QM7
merged_360.sorted.rg	360	KEEP	YHF6QM7
merged_363.sorted.rg	363	KEEP	YHF6QM7
merged_373.sorted.rg	373	KEEP	YHF6QM7
merged_374.sorted.rg	374	KEEP	YHF6QM7
merged_377.sorted.rg	377	KEEP	YHF6QM7
merged_380.sorted.rg	380	KEEP	YHF6QM7
merged_385.sorted.rg	385	KEEP	YHF6QM7
merged_386.sorted.rg	386	KEEP	YHF6QM7
merged_388.sorted.rg	388	KEEP	YHF6QM7
merged_396.sorted.rg	396	KEEP	QF4YHM8
merged_401.sorted.rg	401	KEEP	YHF5QM6
merged_409.sorted.rg	409	KEEP	YHF6QM7
merged_410.sorted.rg	410	KEEP	YHF6QM7
merged_411.sorted.rg	411	KEEP	YHF6QM7
merged_412.sorted.rg	412	KEEP	YHF6QM7
merged_413.sorted.rg	413	KEEP	YHF6QM7
merged_414.sorted.rg	414	KEEP	YHF6QM7
merged_417.sorted.rg	417	KEEP	QF4YHM8
merged_418.sorted.rg	418	KEEP	YHF5QM6
merged_421.sorted.rg	421	KEEP	YHF5QM6
merged_436.sorted.rg	436	KEEP	YHF6QM7
merged_443.sorted.rg	443	KEEP	YHF6QM7
merged_450.sorted.rg	450	KEEP	YHF5QM6
merged_455.sorted.rg	455	KEEP	YHF5QM6
merged_458.sorted.rg	458	KEEP	YHF6QM7
merged_537.sorted.rg	537	KEEP	QF2YHM2
merged_597.sorted.rg	597	KEEP	YHF5QM6
merged_604.sorted.rg	604	KEEP	YHF5QM6
merged_666.sorted.rg	666	KEEP	YHF6QM7
merged_679.sorted.rg	679	KEEP	YHF6QM7
merged_680.sorted.rg	680	KEEP	YHF6QM7
merged_720.sorted.rg	720	KEEP	QF4YHM8
merged_724.sorted.rg	724	KEEP	QF2YHM2
merged_894.sorted.rg	894	KEEP	QF4YHM8
